3dskinlayers	3D Skin Layers	client	zV5r3pPn	skinlayers3d-neoforge-1.11.3-mc1.21.1.jar
aeronautics-replay	Aeronautics Replay	client	KD2QrWTM	aeronautics_replay-1.0.4.jar
ambientsounds	AmbientSounds	client	fM515JnW	AmbientSounds_NEOFORGE_v6.3.8_mc1.21.1.jar
appleskin	AppleSkin	both	EsAfCjCV	appleskin-neoforge-mc1.21-3.0.9.jar
architectury-api	Architectury API	both	lhGA9TYQ	architectury-13.0.11-neoforge.jar
autowalker	Duper's Auto Walk	client	TdmWJlQa	DuperAutoWalk-0.1.5+1.21.1-neoforge.jar
badoptimizations	BadOptimizations	client	g96Z4WVZ	BadOptimizations-2.4.1-1.21.1.jar
balm	Balm	both	MBAkmtvl	balm-neoforge-1.21.1-21.0.66.jar
better-advanced-tooltips	Better Advanced Tooltips	both	iHLDc0eo	better-advanced-tooltips-2101.1.0-build.5.jar
better-block-entities	Better Block Entities	client	ONZm0H7Y	bbe-neoforge-1.3.4+mc1.21.1.jar
blueprint	Blueprint	both	VsM5EDoI	blueprint-1.21.1-8.2.0.jar
bookshelf-lib	Bookshelf	both	uy4Cnpcm	bookshelf-neoforge-1.21.1-21.1.81.jar
chat-heads	Chat Heads	client	Wb5oqrBJ	chat_heads-0.15.7-neoforge-1.21.jar
chunky	Chunky	both	fALzjamp	Chunky-NeoForge-1.4.23.jar
cloth-config	Cloth Config API	both	9s6osm5g	cloth-config-15.0.140-neoforge.jar
clumps	Clumps	both	Wnxd13zP	Clumps-neoforge-1.21.1-19.0.0.1.jar
controlify	Controlify (Controller support)	client	DOUdJVEm	controlify-3.0.1+lts+1.21.1-neoforge.jar
controlling	Controlling	client	xv94TkTM	Controlling-neoforge-1.21.1-19.0.5.jar
copycats	Create: Copycats+	both	UT2M39wf	copycats-3.0.9+mc.1.21.1-neoforge.jar
crash-assistant	Crash Assistant	client	ix1qq8Ux	CrashAssistant-neoforge-1.20.6-1.21.4-1.11.12.jar
create-aeronautics	Create Aeronautics	both	oWaK0Q19	create-aeronautics-bundled-1.21.1-1.3.2.jar
create-backpack-upgrades	Create Backpack Upgrades	both	nLHSCMhP	createbackpackupgrades-1.0.0.jar
create-brassworks-missions	Create: Brassworks Missions	both	uUhZpyjI	brassworksmissions-2.1.jar
create-central-kitchen	Create: Central Kitchen	both	btq68HMO	create-central-kitchen-2.6.2.jar
create-connected	Create: Connected	both	Vg5TIO6d	create_connected-1.3.3-mc1.21.1.jar
create-cyber-goggles	Create: Cyber Goggles	client	TlQAWQCY	CreateCyberGoggles-1.21.1-8.6.5-NeoForge.jar
create-deco	Create Deco	both	sMvUb4Rb	createdeco-2.1.3.jar
create-dragons-plus	Create: Dragons Plus	both	dzb1a5WV	CreateDragonsPlus-1.11.9.jar
create-enchantment-industry	Create: Enchantment Industry	both	JWGBpFUP	create-enchantment-industry-2.4.2.jar
create-jei-compat	Create JEI Compat	client	1fkSpqmV	createjeicompat-1.0.3.jar
create-let-the-adventure-begin	Create: Let The Adventure Begin	both	fUa6OtBG	create_ltab-4.1.0.jar
create-nowheel	Create: Nowheel	client	c47YxuuI	nowheel-2.1.1+1.21.1neoforge.jar
create-ore-excavation	Create Ore Excavation	both	ResbpANg	createoreexcavation-1.21-1.6.8.jar
create-railways-navigator	Create Railways Navigator	both	Dq3STxps	createrailwaysnavigator-neoforge-1.21.1-beta-0.10.0-C6.jar
create-rustic-structures	Create: Rustic Structures	both	lmbZMkEZ	create_rustic_structures-1.0.1-neoforge-1.21.1.jar
create-structures-arise	Create: Structures Arise	both	9enMEvoc	Create-Structures-Arise-1.21.1-NeoForge-176.49.49.jar
create	Create	both	LNytGWDc	create-1.21.1-6.0.10.jar
createaddition	Create Crafts & Additions	both	kU1G12Nn	createaddition-1.6.0.jar
creativecore	CreativeCore	both	OsZiaDHq	CreativeCore_NEOFORGE_v2.13.49_mc1.21.1.jar
creeper-overhaul	Creeper Overhaul	both	MI1LWe93	CreeperOverhaul-neoforge-1.21.1-4.0.6.jar
cristel-lib	Cristel Lib	both	cl223EMc	cristellib-neoforge-1.21.1-3.1.7.jar
curios	Curios API	both	vvuO3ImH	curios-neoforge-9.5.1+1.21.1.jar
distanthorizons	Distant Horizons	both	uCdwusMi	DistantHorizons-3.3.3-1.21.1-fabric-neoforge.jar
dragonlib	DragonLib	both	sbIsGaOV	dragonlib-neoforge-1.21.1-beta-3.0.28.jar
drippy-loading-screen	Drippy Loading Screen	client	v3CYg2V9	drippyloadingscreen_neoforge_3.1.5_MC_1.21.1.jar
dungeons-and-taverns	Dungeons and Taverns	both	tpehi7ww	dungeons-and-taverns-v4.4.4.jar
dynamic-fps	Dynamic FPS	client	LQ3K71Q1	dynamic-fps-3.11.4+minecraft-1.21.0-neoforge.jar
easy-npc-config-ui	Easy NPC: Config UI	both	uTGjf7vA	easy_npc_config_ui-neoforge-1.21.1-7.14.0.jar
easy-npc-core	Easy NPC: Core	both	Epm6R3P2	easy_npc-neoforge-1.21.1-7.14.0.jar
enchantment-descriptions	Enchantment Descriptions	both	UVtY3ZAC	enchdesc-neoforge-1.21.1-21.1.11.jar
entity-model-features	[EMF] Entity Model Features	client	4I1XuqiY	entity_model_features-3.3.9-1.21-neoforge.jar
entityculling	Entity Culling	client	NNAgCjsB	entityculling-neoforge-1.11.2-mc1.21.1.jar
entitytexturefeatures	[ETF] Entity Texture Features	client	BVzZfTc1	entity_texture_features-7.2.4-1.21-neoforge.jar
every-compat	Every Compat (Wood Good)	both	eiktJyw1	everycomp-1.21-2.11.52-neoforge.jar
fallingleavesforge	Falling Leaves (NeoForge/Forge)	client	2JAUNCL4	fallingleaves-1.21.1-2.5.1.jar
fallingtree	FallingTree	both	Fb4jn8m6	FallingTree-1.21.1-1.21.1.11.jar
fancy-entity-renderer	Fancy Entity Renderer	client	RQ6INv2n	fancy-entity-renderer-neoforge-1.21-0.4.9.jar
fancymenu	FancyMenu	both	Wq5SjeWM	fancymenu_neoforge_3.9.14_MC_1.21.1.jar
farmers-delight	Farmer's Delight	both	R2OftAxM	FarmersDelight-1.21.1-1.3.4.jar
ferrite-core	FerriteCore	both	uXXizFIs	ferritecore-7.0.3-neoforge.jar
first-person-model	First-person Model	client	H5XMjpHi	firstperson-neoforge-2.7.3-mc1.21.1.jar
friends-and-foes-forge	Friends&Foes (Forge/NeoForge)	both	BOCJKD49	friendsandfoes-neoforge-4.0.27+mc1.21.1.jar
ftb-library-forge	FTB Library (NeoForge)	both		ftb-library-neoforge-2101.1.36.jar
ftb-quests-forge	FTB Quests (NeoForge)	both		ftb-quests-neoforge-2101.1.36.jar
ftb-teams-forge	FTB Teams (NeoForge)	both		ftb-teams-neoforge-2101.1.11.jar
fzzy-config	Fzzy Config	both	hYykXjDp	fzzy_config-0.7.7+1.21+neoforge.jar
geckolib	Geckolib	both	8BmcQJ2H	geckolib-neoforge-1.21.1-4.9.3.jar
gravestone-mod	GraveStone Mod	both	RYtXKJPr	gravestone-neoforge-1.21.1-1.0.40.jar
guard-villagers	Guard Villagers	both	H1sntfo8	guardvillagers-2.4.12-1.21.1.jar
iceandfire-ce	IceAndFire Community Edition	both	VpmCsizY	iceandfire-2.0.jar
iceberg	Iceberg	both	5faXoLqX	Iceberg-1.21.1-neoforge-1.3.2.jar
illager-invasion	Illager Invasion	both	jSV9w0J5	IllagerInvasion-v21.1.6-1.21.1-NeoForge.jar
immediatelyfast	ImmediatelyFast	client	5ZwdcRci	ImmediatelyFast-NeoForge-1.6.14+1.21.1.jar
inventory-essentials	Inventory Essentials	both	Boon8xwi	inventoryessentials-neoforge-1.21.1-21.1.19.jar
inventory-profiles-next	Inventory Profiles Next	client	O7RBXm3n	InventoryProfilesNext-neoforge-1.21.1-2.2.5.jar
iris	Iris Shaders	client	YL57xq9U	iris-neoforge-1.8.14-beta.1+mc1.21.1.jar
ixeris	Ixeris	client	p8RJPJIC	Ixeris-4.6.8+1.21.1-neoforge.jar
jade-addons-forge	Jade Addons (Neo/Forge)	both	xuDOzCLy	JadeAddons-1.21.1-NeoForge-6.1.1.jar
jade	Jade 🔍	both	nvQzSEkH	Jade-1.21.1-NeoForge-15.10.6.jar
jei-worldgen	JEI / REI / EMI WorldGen	both	YYrsrQ6q	jeiworldgen-neoforge-1.21.1-1.4.5.jar
jei	Just Enough Items (JEI)	both	u6dRKJwZ	jei-1.21.1-neoforge-19.51.0.418.jar
jupiter	Jupiter	both	XbiLGMMU	jupiter-2.3.7-1.21.1-neoforge.jar
just-enough-effect-descriptions-jeed	Just Enough Effect Descriptions (JEED)	client	EO27GKs1	jeed-1.21-2.3.4-neoforge.jar
just-enough-professions-jep	Just Enough Professions (JEP)	both	kB56GtWA	JustEnoughProfessions-neoforge-1.21.1-4.0.5.jar
just-zoom	Just Zoom	client	iAiqcykM	justzoom_neoforge_2.1.0_MC_1.21.1.jar
justenoughbreeding	Just Enough Breeding (JEBr)	client	9Pk89J3g	justenoughbreeding-neoforge-1.21.1-3.2.1.jar
konkrete	Konkrete	both	J81TRJWm	konkrete_neoforge_1.9.9_MC_1.21.jar
kotlin-for-forge	Kotlin for Forge	both	ordsPcFz	kotlinforforge-5.12.0-all.jar
kubejs-create	KubeJS Create	both	T38eAZQC	kubejs-create-neoforge-2101.3.1-build.18.jar
kubejs	KubeJS	both	umyGl7zF	kubejs-neoforge-2101.7.2-build.377.jar
lambdynamiclights	LambDynamicLights - Dynamic Lights	client	yBW8D80W	lambdynamiclights-4.8.11+1.21.1.jar
legendary-tooltips	Legendary Tooltips	client	atHH8NyV	LegendaryTooltips-1.21.1-neoforge-1.5.5.jar
libipn	libIPN	client	onSQdWhM	libIPN-neoforge-1.21.1-6.6.3.jar
lithium	Lithium	both	gvQqBUqZ	lithium-neoforge-0.15.4+mc1.21.1.jar
lithostitched	Lithostitched	both	XaDC71GB	lithostitched-1.8.0-neoforge-21.1.jar
lootjs	LootJS: KubeJS Addon	both	fJFETWDN	lootjs-neoforge-1.21.1-3.7.0.jar
lootr	Lootr	both	EltpO5cN	lootr-neoforge-1.21.1-1.11.38.127.jar
lukis-grand-capitals	Luki's Grand Capitals	both	8Lw09aLb	lukis-grand-capitals-1.1.3.jar
macaws-bridges	Macaw's Bridges	both	GURcjz8O	mcw-bridges-3.1.2-mc1.21.1neoforge.jar
macaws-doors	Macaw's Doors	both	kNxa8z3e	mcw-doors-1.1.5-mc1.21.1neoforge.jar
macaws-fences-and-walls	Macaw's Fences and Walls	both	GmwLse2I	mcw-mcwfences-1.2.1-mc1.21.1neoforge.jar
macaws-furniture	Macaw's Furniture	both	dtWC90iB	mcw-furniture-3.4.1-mc1.21.1neoforge.jar
macaws-lights-and-lamps	Macaw's Lights and Lamps	both	w4an97C2	mcw-lights-1.1.5-mc1.21.1neoforge.jar
macaws-paths-and-pavings	Macaw's Paths and Pavings	both	VRLhWB91	mcw-mcwpaths-1.1.1-mc1.21.1neoforge.jar
macaws-roofs	Macaw's Roofs	both	B8jaH3P1	mcw-roofs-2.3.2-mc1.21.1neoforge.jar
macaws-stairs	Macaw's Stairs	both	iP3wH1ha	mcw-mcwstairs-1.0.2-mc1.21.1neoforge.jar
macaws-trapdoors	Macaw's Trapdoors	both	n2fvCDlM	mcw-trapdoors-1.1.5-mc1.21.1neoforge.jar
macaws-windows	Macaw's Windows	both	C7I0BCni	mcw-mcwwindows-2.4.2-mc1.21.1neoforge.jar
melody	Melody	both	CVT4pFB2	melody_neoforge_1.0.10_MC_1.21.jar
modernfix	ModernFix	both	nmDcB62a	modernfix-neoforge-5.27.24+mc1.21.1.jar
moonlight	Moonlight Lib	both	twkfQtEc	moonlight-1.21.1-3.7.0-neoforge.jar
moreculling	More Culling	client	51shyZVL	moreculling-neoforge-1.21.1-1.0.10.jar
mouse-tweaks	Mouse Tweaks	client	aC3cM3Vq	MouseTweaks-neoforge-mc1.21-2.26.1.jar
naturalist	Naturalist	both	F8BQNPWX	naturalist-2.0.4-neoforge-1.21.1.jar
netherportalfix	NetherPortalFix	both	nPZr02ET	netherportalfix-neoforge-1.21.1-21.1.1.jar
not-enough-animations	Not Enough Animations	client	MPCX6s5C	notenoughanimations-neoforge-1.12.6-mc1.21.1.jar
nullscape	Nullscape	both	LPjGiSO4	Nullscape_1.21.x_v1.2.14.jar
packet-fixer	Packet Fixer	both	c7m1mi73	packetfixer-3.3.1-1.20.5-1.21.X-merged.jar
particle-rain	Particle Rain	client	nrikgvxm	particlerain-4.0.0-beta.11+1.21.1-neoforge.jar
patchouli	Patchouli	both	nU0bVIaL	Patchouli-1.21.1-93-NEOFORGE.jar
piglin-proliferation	Piglin Proliferation	both	iRE67WIn	piglinproliferation-1.21.1-2.0.16.jar
platform	Platform	both	i6fiqm5y	Platform-neoforge-1.21.1-1.3.3.jar
prickle	Prickle	both	aaRl8GiW	prickle-neoforge-1.21.1-21.1.11.jar
prism-lib	Prism	client	1OE8wbN0	Prism-1.21.1-neoforge-1.0.11.jar
project-mmo	Project MMO	both	KFQYC1Uy	pmmo-1.21.1-2.10.47.jar
puzzles-lib	Puzzles Lib	both	QAGBst4M	PuzzlesLib-v21.1.60-mc1.21.1-NeoForge.jar
reeses-sodium-options	Reese's Sodium Options	client	Bh37bMuy	reeses-sodium-options-neoforge-2.2.4+mc1.21.1.jar
reforgedplay-mod	ReForgedPlay [replay mod on (neo)forge]	client		reforgedplaymod-1.21.1-0.3.jar
regions-unexplored	Regions Unexplored	both	Tkikq67H	regions-unexplored-0.6.2-neoforge-21.1.jar
relics-mod	Relics	both	OCJRPujW	relics-1.21.1-0.12.8.jar
resourceful-config	Resourceful Config	both	M1953qlQ	resourcefulconfig-neoforge-1.21-3.0.11.jar
resourceful-lib	Resourceful Lib	both	G1hIVOrD	resourcefullib-neoforge-1.21-3.0.12.jar
rhino	Rhino	both	sk9knFPE	rhino-2101.2.7-build.85.jar
rinku	Rinku	client	bQhBuv7x	rinku_neoforge_3.0.4_MC_1.21.1.jar
sable-assembly-fix	Sable Assembly Fix	both	EGcZ28rZ	SableAssemblyFix-1.0.0.jar
sable-reforgedplay-compat	Sable Replay Compat	both	n5DHyhc5	sablereforgedplay-1.21.1-1.0.0.jar
sable	Sable	both	T9PomCSv	sable-neoforge-1.21.1-2.0.5.jar
searchables	Searchables	client	fuuu3xnx	Searchables-neoforge-1.21.1-1.0.2.jar
shatterbyte-lib	ShatterLib | OctoLib	both	RH2KUdKJ	OctoLib-NEOFORGE-0.6.2+1.21.jar
shoulder-surfing-reloaded	Shoulder Surfing Reloaded	client	kepjj2sy	ShoulderSurfing-NeoForge-1.21.1-5.1.1.jar
shulkerboxtooltip	Shulker Box Tooltip	both	2M01OLQq	shulkerboxtooltip-neoforge-5.1.9+1.21.1.jar
simple-voice-chat	Simple Voice Chat	both	9eGKb6K1	voicechat-neoforge-1.21.1-2.6.22.jar
slice-and-dice	Create Slice & Dice	both	GmjmRQ0A	sliceanddice-4.3.4-neoforge.jar
sodium-extra	Sodium Extra	client	PtjYWJkn	sodium-extra-neoforge-0.9.4+mc1.21.1.jar
sodium-shadowy-path-blocks	Sodium Shadowy Path Blocks (SSPB)	client	EIa1eiMm	sodium-shadowy-path-blocks-neoforge-4.1.0.jar
sodium	Sodium	client	AANobbMI	sodium-neoforge-0.8.13+mc1.21.1.jar
sophisticated-backpacks-create-integration	Sophisticated Backpacks Create Integration	both	s85zLEDe	sophisticatedbackpackscreateintegration-1.21.1-0.2.1.171.jar
sophisticated-backpacks	Sophisticated Backpacks	both	TyCTlI4b	sophisticatedbackpacks-1.21.1-3.26.5.2171.jar
sophisticated-core	Sophisticated Core	both	nmoqTijg	sophisticatedcore-1.21.1-1.5.2.2343.jar
spark	spark	both	l6YH9Als	spark-1.10.124-neoforge.jar
sparsestructures	Sparse Structures	both	qwvI41y9	sparsestructures-neoforge-1.21.1-3.0.jar
structory-towers	Structory: Towers	both	j3FONRYr	Structory_Towers_1.21.x_v1.0.15.jar
structory	Structory	both	aKCwCJlY	Structory_1.21.x_v1.3.14.jar
structure-layout-optimizer	Structure Layout Optimizer	both	ayPU0OHc	structure_layout_optimizer-neoforge-1.0.12.jar
subtle-effects	Subtle Effects	client	4q8UOK1d	SubtleEffects-neoforge-1.21.1-1.14.3.jar
tectonic	Tectonic	both	lWDHr9jE	tectonic-3.0.28-neoforge-21.1.jar
terralith	Terralith	both	8oi3bsk5	Terralith_1.21.1_v2.6.2_Neoforge.jar
totw-modded	Towers of the Wild Modded	both	54eqfZSC	totw_modded-neoforge-1.21-1.0.9.jar
towns-and-towers	Towns and Towers	both	DjLobEOy	t_and_t-fabric-neoforge-1.13.11.jar
uranus	Uranus	both	3Acxy864	uranus-2.4.1-1.21.1-neoforge.jar
vanillabackport	Vanilla Backport	both	6xwxDTgf	VanillaBackport-neoforge-1.21.1-1.1.7.10.jar
variants-and-ventures	Variants&Ventures	both	lNDRiXkY	variantsandventures-neoforge-1.0.28+mc1.21.1.jar
vb-compat	Vanilla Backport Compat	both	jcYHXHwz	vb-compat-2.2-1.21.1.jar
visuality-forge	Visuality: Reforged	client	z13R7Et1	visuality-forge-3.0.0.jar
wavey-capes	Wavey Capes	client	kYuIpRLv	waveycapes-neoforge-1.11.2-mc1.21.1.jar
waystones-sable	Waystones: Sable (Create Aeronautics Addon)	both	BxhPGfcK	waystonessable-1.0.7.jar
waystones	Waystones	both	LOpKHB2A	waystones-neoforge-1.21.1-21.1.46.jar
when-dungeons-arise	When Dungeons Arise	both	8DfbfASn	DungeonsArise-1.21.1-2.1.68-release.jar
woodworks	Woodworks	both	rv1sovni	woodworks-1.21.1-4.0.2.jar
xaeros-minimap	Xaero's Minimap	both	1bokaNcj	xaerominimap-neoforge-1.21.1-26.5.0.jar
xaeros-world-map	Xaero's World Map	both	NcUtCpym	xaeroworldmap-neoforge-1.21.1-1.46.0.jar
yacl	YetAnotherConfigLib (YACL)	both	1eAoo2KR	yet_another_config_lib_v3-3.8.2+1.21.1-neoforge.jar
yungs-api	YUNG's API	both	Ua7DFN59	YungsApi-1.21.1-NeoForge-5.1.9.jar
yungs-better-desert-temples	YUNG's Better Desert Temples	both	XNlO7sBv	YungsBetterDesertTemples-1.21.1-NeoForge-4.1.5.jar
yungs-better-dungeons	YUNG's Better Dungeons	both	o1C1Dkj5	YungsBetterDungeons-1.21.1-NeoForge-5.1.4.jar
yungs-better-end-island	YUNG's Better End Island	both	2BwBOmBQ	YungsBetterEndIsland-1.21.1-NeoForge-3.1.2.jar
yungs-better-jungle-temples	YUNG's Better Jungle Temples	both	z9Ve58Ih	YungsBetterJungleTemples-1.21.1-NeoForge-3.1.2.jar
yungs-better-mineshafts	YUNG's Better Mineshafts	both	HjmxVlSr	YungsBetterMineshafts-1.21.1-NeoForge-5.1.1.jar
yungs-better-nether-fortresses	YUNG's Better Nether Fortresses	both	Z2mXHnxP	YungsBetterNetherFortresses-1.21.1-NeoForge-3.1.5.jar
yungs-better-ocean-monuments	YUNG's Better Ocean Monuments	both	3dT9sgt4	YungsBetterOceanMonuments-1.21.1-NeoForge-4.1.2.jar
yungs-better-strongholds	YUNG's Better Strongholds	both	kidLKymU	YungsBetterStrongholds-1.21.1-NeoForge-5.1.3.jar
yungs-better-witch-huts	YUNG's Better Witch Huts	both	t5FRdP87	YungsBetterWitchHuts-1.21.1-NeoForge-4.1.1.jar
yungs-bridges	YUNG's Bridges	both	Ht4BfYp6	YungsBridges-1.21.1-NeoForge-5.1.1.jar
yungs-extras	YUNG's Extras	both	ZYgyPyfq	YungsExtras-1.21.1-NeoForge-5.1.1.jar
